name,email,age,referred_by
Jordan Kennedy,jordankennedy@hotmail.com,25,leaflet
Larry Lindsey,larrylindsey@yahoo.com,30,email
Patrick Anderson,patrickanderson@hotmail.com,19,google
Michael Tran,michaeltran@yahoo.com,25,tv
Shannon Collins,shannoncollins@yahoo.com,21,email
Mr. Jerome Lewis Jr.,mr.jeromelewisjr.@hotmail.com,23,radio
Jerry Johnson,jerryjohnson@hotmail.com,30,email
Anthony Williams,anthonywilliams@google.co.uk,27,google
William Lewis,williamlewis@yahoo.com,29,email
Brent Alexander,brentalexander@google.co.uk,29,tv
Jennifer Rivera,jenniferrivera@hotmail.com,25,tv
Bradley Grant,bradleygrant@hotmail.com,26,email
Stephanie Hernandez,stephaniehernandez@hotmail.com,26,google
Pamela Norton,pamelanorton@yahoo.com,21,leaflet
George Reed,georgereed@google.co.uk,25,google
Dawn Smith,dawnsmith@hotmail.com,21,radio
Kelly Fitzpatrick,kellyfitzpatrick@hotmail.com,21,google
Christopher Gardner,christophergardner@yahoo.com,18,radio
